Method,Throughput,Energy,HOF,Fairness
Uncoordinated,11.7,4.871201360075284e-05,3.51,0.467
Static priority,11.97,4.717936628217246e-05,3.52,0.467
Continuous only,11.33,4.917307481606834e-05,3.67,0.454
CP-SAT,11.85,4.792399200296995e-05,3.53,0.468
VeriXApp,11.38,4.9094164136345237e-05,3.65,0.455
